sdk:driver:quit|3.0501999855041504
sdk:automate:hub-management|1697.161600112915
sdk:driver:pre-initialization|2.1303999423980713
sdk:driver:get|3.4918999671936035
sdk:setup|4907.730299949646
sdk:cli:on-bootstrap|9.198800086975098
sdk:driver:quit|2.89739990234375
sdk:automate:hub-management|1737.7588000297546
sdk:driver:pre-initialization|2.5826001167297363
sdk:driver:get|3.947200059890747
sdk:setup|4718.9296000003815
sdk:cli:on-bootstrap|10.549999952316284
sdk:driver:quit|3.72379994392395
sdk:automate:hub-management|1697.6471998691559
sdk:driver:pre-initialization|2.5346999168395996
sdk:driver:get|3.9189999103546143
sdk:setup|4665.1421999931335
sdk:cli:on-bootstrap|9.894500017166138
sdk:driver:quit|1.8306000232696533
sdk:automate:hub-management|1712.1888000965118
sdk:driver:pre-initialization|1.4942998886108398
sdk:driver:get|2.691699981689453
sdk:setup|4652.11510014534
sdk:cli:on-bootstrap|9.213299989700317
sdk:driver:quit|2.5460000038146973
sdk:automate:hub-management|1723.646399974823
sdk:driver:pre-initialization|1.6808998584747314
sdk:driver:get|2.98580002784729
sdk:setup|4463.923099994659
sdk:cli:on-bootstrap|8.996599912643433
sdk:driver:quit|2.301499843597412
sdk:automate:hub-management|1748.5268998146057
sdk:driver:pre-initialization|4.491300106048584
sdk:driver:get|6.383999824523926
sdk:setup|4626.009799957275
sdk:cli:on-bootstrap|7.457200050354004
sdk:driver:quit|2.6311001777648926
sdk:automate:hub-management|1699.2539999485016
sdk:driver:pre-initialization|1.4045000076293945
sdk:driver:get|2.383000135421753
sdk:setup|3806.7292001247406
sdk:cli:on-bootstrap|9.56909990310669
sdk:driver:quit|1.605299949645996
sdk:automate:hub-management|1733.5950999259949
sdk:driver:pre-initialization|3.666599988937378
sdk:driver:get|4.6011998653411865
sdk:setup|3713.6352999210358
sdk:cli:on-bootstrap|7.9802000522613525
sdk:driver:quit|1.4382002353668213
sdk:automate:hub-management|1707.8643000125885
sdk:driver:pre-initialization|1.6575000286102295
sdk:driver:get|2.773400068283081
sdk:setup|3872.0207998752594
sdk:cli:on-bootstrap|10.867000102996826
sdk:driver:quit|1.9773998260498047
sdk:automate:hub-management|1799.0300998687744
sdk:driver:pre-initialization|1.3178999423980713
sdk:driver:get|2.339400053024292
sdk:setup|4238.4135999679565
sdk:cli:on-bootstrap|8.50730013847351
sdk:driver:quit|2.311500072479248
sdk:automate:hub-management|1700.3503999710083
sdk:driver:pre-initialization|1.9236998558044434
sdk:driver:get|3.3138999938964844
sdk:setup|4102.324100017548
sdk:cli:on-bootstrap|9.585299968719482
sdk:driver:quit|2.6043999195098877
sdk:automate:hub-management|1693.7730000019073
sdk:driver:pre-initialization|1.681300163269043
sdk:driver:get|3.1410000324249268
sdk:setup|3617.5552999973297
sdk:cli:on-bootstrap|8.882200002670288
sdk:driver:quit|2.3970999717712402
sdk:automate:hub-management|2450.4504001140594
sdk:driver:pre-initialization|1.4860999584197998
sdk:driver:get|2.674799919128418
sdk:setup|4592.243200063705
sdk:cli:on-bootstrap|9.474400043487549
sdk:driver:quit|1.791100025177002
sdk:automate:hub-management|1730.091500043869
sdk:driver:pre-initialization|0.9391000270843506
sdk:driver:get|1.6905999183654785
sdk:setup|3798.555600166321
sdk:cli:on-bootstrap|7.902899980545044
sdk:driver:quit|1.8856000900268555
sdk:automate:hub-management|1735.9916999340057
sdk:driver:pre-initialization|1.770900011062622
sdk:driver:get|2.91159987449646
sdk:setup|3954.292999982834
sdk:cli:on-bootstrap|10.551900148391724
sdk:driver:quit|2.383000135421753
sdk:automate:hub-management|1714.3914000988007
sdk:driver:pre-initialization|1.896899938583374
sdk:driver:get|2.994999885559082
sdk:setup|3769.2088000774384
sdk:cli:on-bootstrap|8.557299852371216
sdk:driver:quit|2.8386001586914062
sdk:automate:hub-management|1778.679300069809
sdk:driver:pre-initialization|1.5139999389648438
sdk:driver:get|2.643099784851074
sdk:setup|3688.4697999954224
sdk:cli:on-bootstrap|9.145100116729736
sdk:driver:quit|2.1150999069213867
sdk:automate:hub-management|1745.7841000556946
sdk:driver:pre-initialization|1.632200002670288
sdk:driver:get|2.772199869155884
sdk:setup|3710.3201999664307
sdk:cli:on-bootstrap|7.989599943161011
sdk:driver:quit|2.256200075149536
sdk:automate:hub-management|2152.784999847412
sdk:driver:pre-initialization|1.4161999225616455
sdk:driver:get|2.542799949645996
sdk:setup|4371.222899913788
sdk:cli:on-bootstrap|9.68619990348816
sdk:driver:quit|1.7878000736236572
sdk:automate:hub-management|1730.69620013237
sdk:driver:pre-initialization|1.288299798965454
sdk:driver:get|2.286400079727173
sdk:setup|4258.695600032806
sdk:cli:on-bootstrap|8.880899906158447
sdk:driver:quit|3.1895999908447266
sdk:automate:hub-management|3888.367900133133
sdk:driver:pre-initialization|2.331700086593628
sdk:driver:get|3.662899971008301
sdk:setup|7000.532700061798
sdk:cli:on-bootstrap|10.29670000076294
sdk:driver:quit|2.4881999492645264
sdk:automate:hub-management|2439.8499999046326
sdk:driver:pre-initialization|2.1745998859405518
sdk:driver:get|3.349599838256836
sdk:setup|6154.407700061798
sdk:cli:on-bootstrap|10.115599870681763
sdk:driver:quit|1.4988999366760254
sdk:automate:hub-management|2460.425199985504
sdk:driver:pre-initialization|1.6218998432159424
sdk:driver:get|2.6263999938964844
sdk:setup|4428.5869998931885
sdk:cli:on-bootstrap|9.051100015640259
sdk:driver:quit|1.5536999702453613
sdk:automate:hub-management|2471.452199935913
sdk:driver:pre-initialization|1.0799000263214111
sdk:driver:get|1.8964998722076416
sdk:setup|4427.548799991608
sdk:cli:on-bootstrap|9.163899898529053
sdk:driver:quit|2.0399999618530273
sdk:automate:hub-management|2431.081699848175
sdk:driver:pre-initialization|1.211399793624878
sdk:driver:get|2.1567001342773438
sdk:setup|4457.598000049591
sdk:cli:on-bootstrap|9.03439998626709
sdk:driver:quit|1.7284998893737793
sdk:automate:hub-management|2486.267100095749
sdk:driver:pre-initialization|1.1781001091003418
sdk:driver:get|1.9916000366210938
sdk:setup|4503.367599964142
sdk:cli:on-bootstrap|8.934499979019165
sdk:driver:quit|1.781099796295166
sdk:automate:hub-management|2758.71599984169
sdk:driver:pre-initialization|1.4656999111175537
sdk:driver:get|2.5036001205444336
sdk:setup|5050.756099939346
sdk:cli:on-bootstrap|10.209699869155884
sdk:driver:quit|1.54610013961792
sdk:automate:hub-management|3064.2037999629974
sdk:driver:pre-initialization|1.5799999237060547
sdk:driver:get|2.654400110244751
sdk:setup|4997.471200227737
sdk:cli:on-bootstrap|7.762200117111206
sdk:driver:quit|2.0678999423980713
sdk:automate:hub-management|2611.821599960327
sdk:driver:pre-initialization|1.4558000564575195
sdk:driver:get|2.3041999340057373
sdk:setup|4555.483500003815
sdk:cli:on-bootstrap|8.555899858474731
sdk:driver:quit|2.0678999423980713
sdk:automate:hub-management|2593.1937000751495
sdk:driver:pre-initialization|1.4561998844146729
sdk:driver:get|2.9762001037597656
sdk:setup|5035.331199884415
sdk:cli:on-bootstrap|7.567800045013428
sdk:driver:quit|0.0
sdk:automate:hub-management|4495.998699903488
sdk:driver:pre-initialization|0.11
sdk:driver:get|0.9
sdk:setup|7199.084599971771
sdk:cli:on-bootstrap|8.710799932479858
sdk:hook|2.38
sdk:driver:quit|0.15
sdk:automate:hub-management|2731.1941001415253
sdk:driver:pre-initialization|1.69
sdk:driver:get|3.12
sdk:setup|5023.195800065994
sdk:cli:on-bootstrap|9.026700019836426
sdk:hook|7.32
sdk:driver:quit|2.059000015258789
sdk:automate:hub-management|3217.313800096512
sdk:driver:pre-initialization|1.6205999851226807
sdk:driver:get|2.6661999225616455
sdk:setup|5526.957000017166
sdk:cli:on-bootstrap|10.476999998092651
sdk:driver:quit|1.9399001598358154
sdk:automate:hub-management|2650.6419999599457
sdk:driver:pre-initialization|1.315199851989746
sdk:driver:get|2.28629994392395
sdk:setup|4923.938199996948
sdk:cli:on-bootstrap|8.764400005340576
sdk:automate:hub-management|2721.033699989319
sdk:driver:pre-initialization|4.8442999720573425
sdk:driver:get|6.125199973583221
sdk:setup|5933.971499979496
sdk:cli:on-bootstrap|20.590199947357178
sdk:driver:post-initialization|47.60510003566742
sdk:automate:hub-management|2812.2934000492096
sdk:driver:pre-initialization|4.65039998292923
sdk:driver:get|5.922500014305115
sdk:setup|6169.696799993515
sdk:cli:on-bootstrap|11.747700035572052
sdk:driver:post-initialization|92.31959998607635
sdk:automate:hub-management|2799.0992000102997
sdk:driver:pre-initialization|5.9709999561309814
sdk:driver:get|7.540700018405914
sdk:setup|6692.9893000125885
sdk:cli:on-bootstrap|10.54559999704361
sdk:driver:post-initialization|102.46039998531342
sdk:automate:hub-management|2766.0631999969482
sdk:driver:pre-initialization|6.207300007343292
sdk:driver:get|18.80129998922348
sdk:setup|5083.990500032902
sdk:cli:on-bootstrap|9.728799998760223
sdk:driver:post-initialization|87.65579998493195
sdk:automate:hub-management|2862.1579000353813
sdk:driver:pre-initialization|3.4879000186920166
sdk:driver:get|4.594799995422363
sdk:setup|5295.341400027275
sdk:cli:on-bootstrap|8.955599963665009
sdk:driver:post-initialization|90.23199999332428
sdk:driver:quit|2.0931999683380127
sdk:automate:hub-management|1675.139899969101
sdk:driver:pre-initialization|3.659600019454956
sdk:driver:get|4.6468000411987305
sdk:setup|4004.7983000278473
sdk:cli:on-bootstrap|0.2512998580932617
sdk:driver:quit|1.5917999744415283
sdk:automate:hub-management|1718.0732998847961
sdk:driver:pre-initialization|3.5272998809814453
sdk:driver:get|4.382499933242798
sdk:setup|3876.1391999721527
sdk:cli:on-bootstrap|0.23510003089904785
sdk:automate:hub-management|1751.4618999958038
sdk:driver:pre-initialization|3.7056000232696533
sdk:driver:get|4.518100023269653
sdk:setup|3650.392299890518
sdk:cli:on-bootstrap|0.18350005149841309
sdk:driver:post-initialization|60.52769994735718
sdk:automate:hub-management|1821.5350999832153
sdk:driver:pre-initialization|4.657000005245209
sdk:driver:get|5.795799970626831
sdk:setup|3985.677199959755
sdk:cli:on-bootstrap|11.515399992465973
sdk:driver:post-initialization|89.7470999956131
sdk:automate:hub-management|2069.840200006962
sdk:driver:pre-initialization|6.67220002412796
sdk:driver:get|8.604099988937378
sdk:setup|13303.784799993038
sdk:cli:on-bootstrap|26.066799998283386
sdk:driver:post-initialization|53.691100001335144
sdk:driver:quit|3.087599992752075
sdk:automate:hub-management|1868.7430999875069
sdk:driver:pre-initialization|6.681400001049042
sdk:driver:get|8.758800029754639
sdk:setup|12955.612699985504
sdk:cli:on-bootstrap|23.116600036621094
sdk:automate:hub-management|1739.2627999782562
sdk:driver:pre-initialization|2.963599979877472
sdk:driver:get|3.88400000333786
sdk:setup|7290.641900002956
sdk:cli:on-bootstrap|9.254499971866608
sdk:driver:post-initialization|38.73309999704361
sdk:driver:quit|1.6420999765396118
sdk:automate:hub-management|1873.774699985981
sdk:driver:pre-initialization|3.7980000376701355
sdk:driver:get|5.198599994182587
sdk:setup|13750.40140002966
sdk:cli:on-bootstrap|26.02810001373291
sdk:driver:quit|2.058500051498413
sdk:automate:hub-management|2214.368600010872
sdk:driver:pre-initialization|6.6247000098228455
sdk:driver:get|8.449500024318695
sdk:setup|13764.469599962234
sdk:cli:on-bootstrap|15.683899998664856
sdk:automate:hub-management|1727.1504999995232
sdk:driver:pre-initialization|2.5260000228881836
sdk:driver:get|3.3526999950408936
sdk:setup|6906.756599962711
sdk:cli:on-bootstrap|9.773100018501282
sdk:driver:post-initialization|44.22480005025864
sdk:driver:quit|1.620199978351593
sdk:automate:hub-management|1669.8162999749184
sdk:driver:pre-initialization|3.359600007534027
sdk:driver:get|4.460300028324127
sdk:setup|6792.037500023842
sdk:cli:on-bootstrap|9.90149998664856
sdk:automate:hub-management|1774.894100010395
sdk:driver:pre-initialization|3.167800009250641
sdk:driver:get|4.150799989700317
sdk:setup|6988.786800026894
sdk:cli:on-bootstrap|9.138899981975555
sdk:driver:post-initialization|69.27710002660751
sdk:automate:hub-management|1737.3407999873161
sdk:driver:pre-initialization|2.8592000007629395
sdk:driver:get|3.8985000252723694
sdk:setup|7196.319000005722
sdk:cli:on-bootstrap|9.309599995613098
sdk:driver:post-initialization|114.66560000181198
sdk:driver:quit|3.1496999859809875
sdk:automate:hub-management|1699.119500041008
sdk:driver:pre-initialization|3.8300000429153442
sdk:driver:get|4.800000011920929
sdk:setup|6628.264799952507
sdk:cli:on-bootstrap|9.256399989128113
sdk:automate:hub-management|1698.3924000263214
sdk:driver:pre-initialization|3.557200014591217
sdk:driver:get|4.77649998664856
sdk:setup|6707.64509999752
sdk:cli:on-bootstrap|9.160099983215332
sdk:driver:post-initialization|63.7950000166893
sdk:automate:hub-management|1722.4121000170708
sdk:driver:pre-initialization|3.3607999682426453
sdk:driver:get|4.291900038719177
sdk:setup|9059.855700016022
sdk:cli:on-bootstrap|9.664699971675873
sdk:driver:post-initialization|45.90729999542236
sdk:automate:hub-management|1678.944000005722
sdk:driver:pre-initialization|5.685599982738495
sdk:driver:get|7.074199974536896
sdk:setup|6989.92040002346
sdk:cli:on-bootstrap|9.726900041103363
sdk:driver:post-initialization|55.59020000696182
sdk:driver:quit|4.087800025939941
sdk:automate:hub-management|1738.4549999833107
sdk:driver:pre-initialization|3.6223000288009644
sdk:driver:get|4.732200026512146
sdk:setup|8244.966600000858
sdk:cli:on-bootstrap|11.033799946308136
sdk:automate:hub-management|1908.7721999883652
sdk:driver:pre-initialization|3.3394999504089355
sdk:driver:get|4.23309999704361
sdk:setup|6988.749000012875
sdk:cli:on-bootstrap|10.268899977207184
sdk:driver:post-initialization|78.5877999663353
sdk:automate:hub-management|1716.5324000120163
sdk:driver:pre-initialization|2.7218000292778015
sdk:driver:get|3.506999969482422
sdk:setup|11237.813699960709
sdk:cli:on-bootstrap|9.658500015735626
sdk:driver:post-initialization|64.57920002937317
sdk:automate:hub-management|1785.880099952221
sdk:driver:pre-initialization|2.9761000275611877
sdk:driver:get|3.8568000197410583
sdk:setup|7343.087700009346
sdk:cli:on-bootstrap|9.927300035953522
sdk:driver:post-initialization|52.3125
sdk:automate:hub-management|1876.9890999794006
sdk:driver:pre-initialization|3.80950003862381
sdk:driver:get|4.854600012302399
sdk:setup|11075.437699973583
sdk:cli:on-bootstrap|18.519999980926514
sdk:driver:post-initialization|89.23500001430511
sdk:cli:o11ySync|65.89410001039505
sdk:driver:quit|76.65819996595383
sdk:automate:idle-timeout|1139.8962000012398
sdk:automate:hub-management|1977.6936999559402
sdk:driver:pre-initialization|573.47
sdk:driver:get|574.4
sdk:setup|10197.29699999094
sdk:cli:on-bootstrap|12.328000009059906
sdk:o11y:sync|72.71680003404617
sdk:driver:post-initialization|43.94
sdk:automate:session-annotation|68.47
sdk:driver:quit|5.6668999791145325
sdk:automate:hub-management|1780.9963000416756
sdk:driver:pre-initialization|6.704200029373169
sdk:driver:get|8.52480000257492
sdk:setup|11700.294000029564
sdk:cli:on-bootstrap|18.060500025749207
sdk:automate:hub-management|1714.1453999876976
sdk:driver:pre-initialization|4.3508999943733215
sdk:driver:get|5.371500015258789
sdk:setup|11918.474800050259
sdk:cli:on-bootstrap|17.505800008773804
sdk:driver:post-initialization|119.98759996891022
sdk:automate:hub-management|2073.475100040436
sdk:driver:pre-initialization|3.970899999141693
sdk:driver:get|5.056299984455109
sdk:setup|9127.118600010872
sdk:cli:on-bootstrap|16.97400003671646
sdk:driver:post-initialization|53.962000012397766
sdk:automate:hub-management|1840.32129997015
sdk:driver:pre-initialization|3.936299979686737
sdk:driver:get|4.877499997615814
sdk:setup|9686.11160004139
sdk:cli:on-bootstrap|10.753899991512299
sdk:driver:post-initialization|71.484099984169
sdk:automate:hub-management|1708.8912999629974
sdk:setup|7444.361299991608
sdk:cli:on-bootstrap|13.206900000572205
sdk:driver:quit|1.8871999979019165
sdk:automate:hub-management|1753.9691999554634
sdk:driver:pre-initialization|3.31740003824234
sdk:driver:get|4.090199947357178
sdk:setup|7491.990299999714
sdk:cli:on-bootstrap|10.868299961090088
sdk:driver:quit|2.425200045108795
sdk:automate:hub-management|1755.7552000284195
sdk:driver:pre-initialization|5.190699994564056
sdk:driver:get|6.360000014305115
sdk:setup|8615.09289997816
sdk:cli:on-bootstrap|16.326399981975555
